1smash18||1s18
3DS999||3DS
7M Dark Ermac
Ace2020||Ace
Akabonba||Aka
Alanweon||Alan
AlphaRC||RC
Aneron||Ane
Arsee||Ars
Artmagic3318||Art
BladeUnleashed||BU
Bleb||Bleb
Briamty2899||Bri
Chaos0||C0
Chono||Cho
CJ||CJ
Cradirox||Cra
Dan12390||Dan
Dany2theNY||Dany
Dark Ermac||DE
goml||goml
Ichigo Ramen
JoLuDaBoss||Jo
Kansas||KS
Keegan||Kee
KingPawn||Pawn
Kizu||Kizu
Kurutte||Kur
left
Lermonz||Ler
Lil_Natey||Nate
LOU Ace2020
MarioSkiRuffles||MSR
MasterKizunamiz||Kizu
MGUltra||MGU
MischiefWaluigi||MWA
Monte||Mnte
Natey||Nate
Nine||Nine
oreocackester||oreo
pHacique||pH
Polywow44||Poly
Prolific [W]||Plfc
Prolific||Plfc
Rage||Rage
Raxorink||Rax
Requiescat||Req
right
Riko||Riko
S2B||S2B
SavageBeast||Sav
SenpaiCry||Cry
Sfunk||SF
Shwick||Swck
Sickmmaner||Sick
SummerFunk||SF
TheBestG||G
ThePixel||Pix
tplfmvx||tpl
tre_09||tre
tsobey||ts
TyranitarLord||TLD
Vash||Vash
Vinny0319||Vin
zRoshi||ZR
